profile,t,sigma,epsilon,pld_delta_upper,pld_delta_lower,chua_lower_delta,chua_threshold,chua_grid_delta,stable_monte_carlo,order_statistics,log10_pld_chua_gap,mc_remove_mean,mc_add_mean,mc_mean,mc_remove_standard_error,mc_add_standard_error,mc_simultaneous_upper,mc_point_error_probability,log10_pld_mc_gap
"Criteo pCTR, batch 1024",35938,0.3,0.1,0.11408000551319496,0.09931858475504807,0.09918284630139182,1.3189483909801116,0.09914263489912073,True,739,0.06077296618904349,0.1069732646374205,0.08195980393705493,0.1069732646374205,0.00030912350772318767,0.00013870538594269334,0.10890669703836646,6.25e-05,0.027934283579754804
"Criteo pCTR, batch 1024",35938,0.3,0.5157894736842106,0.055236719787868094,0.05132893570034695,0.05135435254682107,1.4189189118558077,0.05134714656636108,True,739,0.03165062206010627,0.05336919083577545,0.00032954278514195915,0.05336919083577545,0.0002486424053735607,6.530340311242357e-06,0.05477938662151666,6.25e-05,0.014937262016678554
"Criteo pCTR, batch 1024",35938,0.3,0.9315789473684211,0.03315531379145082,0.031736700099847054,0.03189398443125142,1.4858637947985913,0.03189269997281713,True,739,0.016844364660701716,0.03242482939498713,0.0,0.03242482939498713,0.00020333380043330372,0.0,0.03353911192337191,6.25e-05,0.009675442857728589
"Criteo pCTR, batch 1024",35938,0.3,1.3473684210526318,0.021717038270777846,0.021088720640999495,0.02122085347674784,1.5393672199272865,0.02122012711946716,True,739,0.010037749973811128,0.02137591157732772,0.0,0.02137591157732772,0.0001686373585295736,0.0,0.022288306751955977,6.25e-05,0.006875952367401794
"Criteo pCTR, batch 1024",35938,0.3,1.7631578947368423,0.014753894135840743,0.014440521676079704,0.014532509820268751,1.5862822915164114,0.014512170252133765,True,739,0.006566037823584114,0.014598248875300254,0.0,0.014598248875300254,0.00014056317142214895,0.0,0.015357156672312435,6.25e-05,0.0046058995649544965
"Criteo pCTR, batch 1024",35938,0.3,2.1789473684210527,0.010170038037077124,0.010000671998633706,0.010061616918188325,1.6295625577189243,0.01004646598441027,True,739,0.004654799078321004,0.0100768282171693,0.0,0.0100768282171693,0.00011712258677973933,0.0,0.010711028478547241,6.25e-05,0.003998722164541002
"Criteo pCTR, batch 1024",35938,0.3,2.5947368421052635,0.007034254623839509,0.0069370061706137374,0.006976804135907169,1.6706941474361428,0.006974263802906377,True,739,0.0035615537914077677,0.006954291272638104,0.0,0.006954291272638104,9.734012120522214e-05,0.0,0.007484205454344872,6.25e-05,0.004965208064666715
"Criteo pCTR, batch 1024",35938,0.3,3.0105263157894737,0.004851236089064359,0.004792669975014337,0.004818639123017196,1.7105018381709773,0.004817648541938438,True,739,0.0029280080237157335,0.004791631213607995,0.0,0.004791631213607995,8.055231383422854e-05,0.0,0.005234212934038747,6.25e-05,0.005369025079960732
"Criteo pCTR, batch 1024",35938,0.3,3.4263157894736844,0.0033230672397962634,0.0032865122993394336,0.003303602256781516,1.7494727286658107,0.0033009672662300963,True,739,0.0025513748741845532,0.0032702506123194696,0.0,0.0032702506123194696,6.616888236424723e-05,0.0,0.0036384505697648084,6.25e-05,0.0069580933435662295
"Criteo pCTR, batch 1024",35938,0.3,3.842105263157895,0.002255370952977222,0.0022319796916946983,0.0022432703622152525,1.7879062163988473,0.0022422613351205456,True,739,0.002336364293896942,0.002189141539272862,0.0,0.002189141539272862,5.383711540348134e-05,0.0,0.0024929567952288387,6.25e-05,0.012944140985295505
"Criteo pCTR, batch 1024",35938,0.3,4.257894736842105,0.0015142015550063178,0.001499006877619836,0.0015064670686600605,1.8259911381805911,0.0015061704918249437,True,739,0.0022240454018565003,0.001439591999474911,0.0,0.001439591999474911,4.354229861773739e-05,0.0,0.0016885607684808093,6.25e-05,0.02194426344807887
"Criteo pCTR, batch 1024",35938,0.3,4.673684210526315,0.0010044561770079304,0.000994496930193379,0.000999492923620904,1.8638484884567392,0.0009975596650845407,True,739,0.002151270174556519,0.0009371097402510735,0.0,0.0009371097402510735,3.5165267681137326e-05,0.0,0.0011406028218627214,6.25e-05,0.03014054191992388
"Criteo pCTR, batch 1024",35938,0.3,5.089473684210526,0.000658046231105978,0.0006515019550289772,0.0006546881906413788,1.9015567002702445,0.0006545897801297504,True,739,0.0022218989624414043,0.0006124247806540479,0.0,0.0006124247806540479,2.8385960560294527e-05,0.0,0.000779521559969987,6.25e-05,0.03120365077201548
"Criteo pCTR, batch 1024",35938,0.3,5.505263157894737,0.0004251157526242433,0.00042078659972969785,0.0004231625744490888,1.9391669377279974,0.0004229739922296315,False,739,0.0019999473654128685,0.00039952706669115737,0.0,0.00039952706669115737,2.2820418767852882e-05,0.0,0.0005370978836839389,6.25e-05,nan
"Criteo pCTR, batch 1024",35938,0.3,5.921052631578947,0.000271006169546901,0.00026825626482488893,0.0002698006169271111,1.9767126896398548,0.00026924832547160614,False,739,0.0019362394509543357,0.0002602544488766602,0.0,0.0002602544488766602,1.813795971785478e-05,0.0,0.0003739207247037513,6.25e-05,nan
"Criteo pCTR, batch 1024",35938,0.3,6.336842105263158,0.00017048809548965782,0.00016872377960003973,0.00016964028266439117,2.014215961545921,0.0001696102471509667,False,739,0.002165071884133507,0.00016270415497701942,0.0,0.00016270415497701942,1.4061972787926724e-05,0.0,0.0002554645105931059,6.25e-05,nan
"Criteo pCTR, batch 1024",35938,0.3,6.752631578947368,0.00010574982117824391,0.00010462716153532189,0.00010516765510608288,2.0516912539734,0.00010512144305631626,False,739,0.002397450976678428,9.440289899891853e-05,0.0,9.440289899891853e-05,1.0755521858953211e-05,0.0,0.00016839646106607705,6.25e-05,nan
"Criteo pCTR, batch 1024",35938,0.3,7.168421052631579,6.465903162015351e-05,6.395399318598222e-05,6.427466264392237e-05,2.0891480792189947,6.410541482899739e-05,False,739,0.0025893901645730466,5.5895357142132924e-05,0.0,5.5895357142132924e-05,8.254049472873471e-06,0.0,0.0001161233168020963,6.25e-05,nan
"Criteo pCTR, batch 1024",35938,0.3,7.58421052631579,3.8967931555021044e-05,3.853141397542946e-05,3.872161305979796e-05,2.1265927335930623,3.870914985767292e-05,False,739,0.002753912955699711,3.34530721229697e-05,0.0,3.34530721229697e-05,6.304170168320807e-06,0.0,8.335332633629758e-05,6.25e-05,nan
"Criteo pCTR, batch 1024",35938,0.3,8.0,2.3145905277169972e-05,2.2879578512858057e-05,2.299242837902971e-05,2.1640293583094716,2.2984922127009285e-05,False,739,0.0028893291339544547,1.8835867965050377e-05,0.0,1.8835867965050377e-05,4.736370211917398e-06,0.0,6.002710576155452e-05,6.25e-05,nan
"Criteo pCTR, batch 8192",4492,0.4,0.1,0.06209418860192967,0.04608957205413095,0.04479555594640969,1.5725634380742723,0.044769746576985125,True,589,0.1418160255570422,0.0545283823159865,0.0391922898870966,0.0545283823159865,0.00018397998383209036,8.94560847798955e-05,0.055952789784657696,6.25e-05,0.056428342697978806
"Criteo pCTR, batch 8192",4492,0.4,0.5157894736842106,0.014216354231994766,0.012262581506214832,0.01223601242944378,1.7884332786412394,0.012235927125971761,True,589,0.06514832686943084,0.013391091246136296,4.593664568428218e-06,0.013391091246136296,0.00011238079577753251,6.441676594569005e-07,0.014118947134874625,6.25e-05,0.025972267032659202
"Criteo pCTR, batch 8192",4492,0.4,0.9315789473684211,0.005591540748389026,0.005147977274096253,0.005216333805143433,1.9157051187014869,0.005212239186933946,True,589,0.030166119058478102,0.005528292748086204,0.0,0.005528292748086204,7.682777474396954e-05,0.0,0.006002528739980419,6.25e-05,0.004940461339152158
"Criteo pCTR, batch 8192",4492,0.4,1.3473684210526318,0.0026651240258629546,0.00252310944550079,0.0025619416023263753,2.01335671325629,0.0025582002350302835,True,589,0.01714819834856751,0.002707834824320837,0.0,0.002707834824320837,5.4813384119114214e-05,0.0,0.003044162641188945,6.25e-05,0.006904744787776362
"Criteo pCTR, batch 8192",4492,0.4,1.7631578947368423,0.001363801646938439,0.0013100754918583223,0.001329041226336248,2.0977189128655636,0.001328825459181949,True,589,0.011212757770893589,0.0013970696348168342,0.0,0.0013970696348168342,3.967021838162165e-05,0.0,0.0016425365103279034,6.25e-05,0.010466842836743595
"Criteo pCTR, batch 8192",4492,0.4,2.1789473684210527,0.0007163941035507373,0.0006939913441792165,0.0007030913512730914,2.1750637845662975,0.0007029112955796849,True,589,0.008140246917704097,0.000735690975048527,0.0,0.000735690975048527,2.88774601951929e-05,0.0,0.0009175347715697914,6.25e-05,0.011543425819454445
"Criteo pCTR, batch 8192",4492,0.4,2.5947368421052635,0.00037828525237444937,0.00036832722397759634,0.0003726948535737654,2.2483649293510464,0.0003726316718914162,False,589,0.0064660146924171436,0.00039576765860589665,0.0,0.00039576765860589665,2.0944474166297295e-05,0.0,0.0005327538230435218,6.25e-05,nan
"Criteo pCTR, batch 8192",4492,0.4,3.0105263157894737,0.00019847624363751126,0.00019385109757371485,0.00019599206436335279,2.319215310369894,0.00019584857162062013,False,589,0.005470044571482813,0.0002021185116450465,0.0,0.0002021185116450465,1.4798330416318446e-05,0.0,0.0003039207096364146,6.25e-05,nan
"Criteo pCTR, batch 8192",4492,0.4,3.4263157894736844,0.00010278136466296477,0.00010057381244115993,0.00010163011834645814,2.388534189071615,0.00010148503851909005,False,589,0.004891948355112419,0.00010058063642945799,0.0,0.00010058063642945799,1.04235338663845e-05,0.0,0.00017650251332637366,6.25e-05,nan
"Criteo pCTR, batch 8192",4492,0.4,3.842105263157895,5.231101709008223e-05,5.124159210307659e-05,5.176149207801314e-05,2.4568775475117066,5.174332497957783e-05,False,589,0.0045863773308179034,4.9313441635421654e-05,0.0,4.9313441635421654e-05,7.230596243313532e-06,0.0,0.0001067628290773263,6.25e-05,nan
"Criteo pCTR, batch 8192",4492,0.4,4.257894736842105,2.6092923864386838e-05,2.5571796078251794e-05,2.582645302271221e-05,2.5245918472661373,2.582609056319092e-05,False,589,0.004457982326493415,2.308970160850164e-05,0.0,2.308970160850164e-05,5.078469506087942e-06,0.0,6.707172163521733e-05,6.25e-05,nan
"Criteo pCTR, batch 8192",4492,0.4,4.673684210526315,1.2729516372618207e-05,1.2479127047484636e-05,1.2601778170695115e-05,2.5918973168654778,1.2600858268710657e-05,False,589,0.004380073538377438,1.1887166149251275e-05,0.0,1.1887166149251275e-05,3.65979313113481e-06,0.0,4.778534435449211e-05,6.25e-05,nan
"Criteo pCTR, batch 8192",4492,0.4,5.089473684210526,6.066544008363262e-06,5.943192558575102e-06,6.00593320791946e-06,2.6589357111493936,6.003745829612771e-06,False,589,0.004360854342523979,6.531346404105553e-06,0.0,6.531346404105553e-06,2.607207403111683e-06,0.0,3.726562978187941e-05,6.25e-05,nan
"Criteo pCTR, batch 8192",4492,0.4,5.505263157894737,2.8189356363784136e-06,2.762504452507912e-06,2.79345562394757e-06,2.72579900899843,2.791181435362538e-06,False,589,0.003943383243216303,3.215730499517076e-06,0.0,3.215730499517076e-06,1.6450966825197417e-06,0.0,2.972795921997286e-05,6.25e-05,nan
"Criteo pCTR, batch 8192",4492,0.4,5.921052631578947,1.2808700951851037e-06,1.2547870452502933e-06,1.2672263737696181e-06,2.792547289972902,1.265458942593424e-06,False,589,0.0046508832176170856,9.232991779648813e-07,0.0,9.232991779648813e-07,6.443104767563804e-07,0.0,2.326291228303383e-05,6.25e-05,nan
"Criteo pCTR, batch 8192",4492,0.4,6.336842105263158,5.673578237922641e-07,5.554929349535426e-07,5.604411413239692e-07,2.8592198982970354,5.592634492602987e-07,False,589,0.005327039275504042,0.0,0.0,0.0,0.0,0.0,1.9360500585485774e-05,6.25e-05,nan
"Criteo pCTR, batch 8192",4492,0.4,6.752631578947368,2.448503927570287e-07,2.3958528090492047e-07,2.415640587650514e-07,2.92584266935154,2.4085347320541077e-07,False,589,0.005868486969515807,0.0,0.0,0.0,0.0,0.0,1.9360500585485774e-05,6.25e-05,nan
"Criteo pCTR, batch 8192",4492,0.4,7.168421052631579,1.0293593437772554e-07,1.0065929690767704e-07,1.0145176853937918e-07,2.9924325960291434,1.0107826103423852e-07,False,589,0.006307388891046095,0.0,0.0,0.0,0.0,0.0,1.9360500585485774e-05,6.25e-05,nan
"Criteo pCTR, batch 8192",4492,0.4,7.58421052631579,4.215121272096865e-08,4.119237378998036e-08,4.150831869952645e-08,3.0590008688410686,4.13780897925744e-08,False,589,0.006674931534061734,0.0,0.0,0.0,0.0,0.0,1.9360500585485774e-05,6.25e-05,nan
"Criteo pCTR, batch 8192",4492,0.4,8.0,1.681105742258474e-08,1.6417755934631768e-08,1.6542437677451406e-08,3.1255548598100455,1.6499112829813307e-08,False,589,0.006995524461524738,0.0,0.0,0.0,0.0,0.0,1.9360500585485774e-05,6.25e-05,nan
"Criteo Search, batch 1024",12500,0.3,0.1,0.1636725693188621,0.1502752513243998,0.1484669377983969,1.244424691816029,0.14846594772256186,True,609,0.0423461488963609,0.15761894301849005,0.1316039525689982,0.15761894301849005,0.0003837713308177693,0.00019478653499001072,0.1598951978974409,6.25e-05,0.01636748915681685
"Criteo Search, batch 1024",12500,0.3,0.5157894736842106,0.09562140435940832,0.09070083614986844,0.08998949064558219,1.33011610458258,0.089988248144409,True,609,0.0263633240946457,0.093646491430878,0.007769973602980316,0.093646491430878,0.00032962040113805455,4.3508147589454314e-05,0.09546986236090253,6.25e-05,0.009063607049474731
"Criteo Search, batch 1024",12500,0.3,0.9315789473684211,0.06267169945083587,0.060562602794528866,0.06046535797941846,1.393183191259665,0.060454417096126825,True,609,0.015564843085241975,0.061879145878059774,1.4214125973546867e-06,0.061879145878059774,0.0002808427585016189,4.29029250507872e-07,0.06338972221522779,6.25e-05,0.005527161027620409
"Criteo Search, batch 1024",12500,0.3,1.3473684210526318,0.0434669914984946,0.04243354878088601,0.04250681047668319,1.4453390155972956,0.042496751572029916,True,609,0.009701063551091682,0.04301212709398665,0.0,0.04301212709398665,0.0002397959199313997,0.0,0.04428641771563911,6.25e-05,0.0045686617966864684
"Criteo Search, batch 1024",12500,0.3,1.7631578947368423,0.030922152295821608,0.03036582248962815,0.03046576369299153,1.4917043161080883,0.030440978717453392,True,609,0.00645764562931217,0.03063804169546385,0.0,0.03063804169546385,0.00020500171747143842,0.0,0.03172256189727569,6.25e-05,0.004008711930219899
"Criteo Search, batch 1024",12500,0.3,2.1789473684210527,0.02221010310875324,0.02188882146136431,0.021976103192313964,1.5347392303039775,0.02195349450264537,True,609,0.0045998890163894135,0.02207489536274874,0.0,0.02207489536274874,0.00017499374078742256,0.0,0.023001541455386066,6.25e-05,0.0026519210785840297
"Criteo Search, batch 1024",12500,0.3,2.5947368421052635,0.015967262333106462,0.01577126975516345,0.015838986823821205,1.5757557761163932,0.015831974586449617,True,609,0.0035030630375449956,0.015911102382981504,0.0,0.015911102382981504,0.00014871510807518953,0.0,0.016702291634100815,6.25e-05,0.001530190264931619
"Criteo Search, batch 1024",12500,0.3,3.0105263157894737,0.01143097931154706,0.011306204916043713,0.011356110652712486,1.6155081121057682,0.011354913210987323,True,609,0.0028538231473178577,0.011388470096589151,0.0,0.011388470096589151,0.00012561547627871838,0.0,0.012061405495794373,6.25e-05,0.0016180529609832739
"Criteo Search, batch 1024",12500,0.3,3.4263157894736844,0.008122768048381161,0.008040729678586916,0.008076605587033128,1.6544520782863559,0.008069770476430017,True,609,0.0024751767509907374,0.008075314230863656,0.0,0.008075314230863656,0.00010536120261762095,0.0,0.00864500119345517,6.25e-05,0.0025446209862383107
"Criteo Search, batch 1024",12500,0.3,3.842105263157895,0.00571695394904516,0.005661816934728502,0.005687297950558249,1.6928724486392381,0.00568567191793237,True,609,0.002258712915680583,0.005627767077748679,0.0,0.005627767077748679,8.772025299030598e-05,0.0,0.006106108917860263,6.25e-05,0.006828579381550348
"Criteo Search, batch 1024",12500,0.3,4.257894736842105,0.0039796302281701985,0.003942089792969851,0.003960046400660108,1.7309509785866866,0.003959038064799066,True,609,0.0021424463157129203,0.0038959313769997444,0.0,0.0038959313769997444,7.251684242830863e-05,0.0,0.004296482708620339,6.25e-05,0.009231422383126464
"Criteo Search, batch 1024",12500,0.3,4.673684210526315,0.0027373747042793834,0.0027116168767706205,0.0027240850503574584,1.7688052551116236,0.002720102069576926,True,609,0.0021135868488220133,0.0026358339957878577,0.0,0.0026358339957878577,5.941477932335882e-05,0.0,0.0029678488164827576,6.25e-05,0.016416194662234318
"Criteo Search, batch 1024",12500,0.3,5.089473684210526,0.0018588015704644112,0.0018412461360709355,0.0018500782811301968,1.8065119994971441,0.0018499450192716474,True,609,0.002042925928767758,0.0017564416570373018,0.0,0.0017564416570373018,4.8522694817385106e-05,0.0,0.0020300180454528994,6.25e-05,0.02459930213804684
"Criteo Search, batch 1024",12500,0.3,5.505263157894737,0.0012463252648733918,0.001234475016377247,0.0012399653937296016,1.844121533152061,0.001239317020626433,True,609,0.0022218343282571773,0.0011724940953456537,0.0,0.0011724940953456537,3.959404890702229e-05,0.0,0.001398507930554876,6.25e-05,0.02652073461301807
"Criteo Search, batch 1024",12500,0.3,5.921052631578947,0.0008246417853964507,0.0008166265001026176,0.0008198491585779326,1.8816669713500571,0.0008185750328030618,True,609,0.0025313818620285033,0.0007789046638698453,0.0,0.0007789046638698453,3.2259742043775666e-05,0.0,0.0009656214656669046,6.25e-05,0.024781032859268137
"Criteo Search, batch 1024",12500,0.3,6.336842105263158,0.0005381064914958528,0.0005327303705880545,0.000534633045349741,1.9191700941511725,0.0005345868800328354,True,609,0.002812432495366668,0.0005207528356122555,0.0,0.0005207528356122555,2.6208736182824893e-05,0.0,0.0006758912710162046,6.25e-05,0.01423658777450365
"Criteo Search, batch 1024",12500,0.3,6.752631578947368,0.00034619960934208606,0.0003426364558588181,0.0003437906033594423,1.956645324825745,0.0003436075981854922,False,609,0.0030325712942107508,0.0003451303130583443,0.0,0.0003451303130583443,2.0909703022900853e-05,0.0,0.0004739538694354052,6.25e-05,nan
"Criteo Search, batch 1024",12500,0.3,7.168421052631579,0.00021956618855494,0.00021723399297768245,0.00021796466687750682,1.9941021114252917,0.000217520936946417,False,609,0.003179364951532815,0.00021529168283495923,0.0,0.00021529168283495923,1.6260367030155837e-05,0.0,0.0003199170069240446,6.25e-05,nan
"Criteo Search, batch 1024",12500,0.3,7.58421052631579,0.00013724068320007345,0.0001357314627113707,0.00013623316826941143,2.0315467428248364,0.00013620839413475152,False,609,0.0032000145690362913,0.0001266779211460957,0.0,0.0001266779211460957,1.252080067123471e-05,0.0,0.0002101655122218422,6.25e-05,nan
"Criteo Search, batch 1024",12500,0.3,8.0,8.450914291650875e-05,8.353988869119869e-05,8.393527867366038e-05,2.06898336743229,8.389940869262834e-05,False,609,0.002959160486374124,7.552467614649058e-05,0.0,7.552467614649058e-05,9.579648172937565e-06,0.0,0.00014320521263076373,6.25e-05,nan
"Criteo Search, batch 8192",1563,0.4,0.1,0.10356272117642325,0.08566910074531714,0.0826126335004495,1.4467612595434611,0.08261253108046868,True,549,0.09815698658602334,0.09456007198129318,0.07766200913347424,0.09456007198129318,0.00026073909368147714,0.00014619438546741134,0.09639132222093584,6.25e-05,0.039495659144510475
"Criteo Search, batch 8192",1563,0.4,0.5157894736842106,0.03665578152449168,0.032502689590072936,0.03173817657900144,1.6272135650386967,0.03172126331659844,True,549,0.06256051131553608,0.03440131800667571,0.0011102893442979293,0.03440131800667571,0.00018400344448228574,1.4554140492422468e-05,0.03554748356657191,6.25e-05,0.02756740149875969
"Criteo Search, batch 8192",1563,0.4,0.9315789473684211,0.016818832938490152,0.015613306721374128,0.015572755895171844,1.748841992841839,0.015559663196425464,True,549,0.033430380710342655,0.01614518606336851,0.0,0.01614518606336851,0.0001333442307428402,0.0,0.01694198235353892,6.25e-05,0.017752802384191746
"Criteo Search, batch 8192",1563,0.4,1.3473684210526318,0.008816400246366953,0.00837684795065709,0.008426933260470003,1.84512138100196,0.00842540566809849,True,549,0.019621743613626563,0.008519941321934312,0.0,0.008519941321934312,9.890901806071102e-05,0.0,0.009104613094758997,6.25e-05,0.014854694299783588
"Criteo Search, batch 8192",1563,0.4,1.7631578947368423,0.004883733707392455,0.004699344528522583,0.0047418631722158005,1.9290556723129881,0.004741077461862196,True,549,0.01280295725232028,0.004696931341745543,0.0,0.004696931341745543,7.389085027219059e-05,0.0,0.005135269266789518,6.25e-05,0.01693776353641452
"Criteo Search, batch 8192",1563,0.4,2.1789473684210527,0.002759187227664199,0.0026747311823619906,0.002701474742512668,2.0062491530688358,0.00270107531741183,True,549,0.009180259555658488,0.002614102428475395,0.0,0.002614102428475395,5.515168250384838e-05,0.0,0.002944803852787793,6.25e-05,0.023458570450471505
"Criteo Search, batch 8192",1563,0.4,2.5947368421052635,0.0015619410944481412,0.001520856525349286,0.001536360827953504,2.079493019076036,0.0015339709596583991,True,549,0.0071714257014861005,0.001457404979885444,0.0,0.001457404979885444,4.0849847057714926e-05,0.0,0.001707825282083985,6.25e-05,0.030084402128112586
"Criteo Search, batch 8192",1563,0.4,3.0105263157894737,0.0008770859859906872,0.0008562977594631455,0.0008650401903656604,2.1503208679688495,0.0008650172949438522,True,549,0.0060058863859278055,0.0007903337995670347,0.0,0.0007903337995670347,2.9782309682609103e-05,0.0,0.0009783166536813162,6.25e-05,0.045231616483960124
"Criteo Search, batch 8192",1563,0.4,3.4263157894736844,0.000485665667002915,0.00047488878242277807,0.0004797150218255027,2.219630662913064,0.0004795045253777909,True,549,0.005354084923951508,0.0004161744805140663,0.0,0.0004161744805140663,2.1304810290796938e-05,0.0,0.0005563018998707742,6.25e-05,0.06706195702457496
"Criteo Search, batch 8192",1563,0.4,3.842105263157895,0.0002641629745314546,0.00025850810802253955,0.0002611346931988278,2.2879702250779443,0.0002606867721218145,False,549,0.005007372097247664,0.00020688687542261798,0.0,0.00020688687542261798,1.5153491746782107e-05,0.0,0.0003097212284887135,6.25e-05,nan
"Criteo Search, batch 8192",1563,0.4,4.257894736842105,0.00014077023046922776,0.00013779169742915193,0.00013921607997792882,2.3556828989062546,0.00013903606727755735,False,549,0.004821420830396939,0.00010697761294786056,0.0,0.00010697761294786056,1.0825949392044017e-05,0.0,0.00018483578264605403,6.25e-05,nan
"Criteo Search, batch 8192",1563,0.4,4.673684210526315,7.339020553065264e-05,7.184389969621058e-05,7.257310322484612e-05,2.4229876245470394,7.252379452071658e-05,False,549,0.00486241004684107,5.3651450587208236e-05,0.0,5.3651450587208236e-05,7.5591526743152526e-06,0.0,0.00011295093520153853,6.25e-05,nan
"Criteo Search, batch 8192",1563,0.4,5.089473684210526,3.735182912993046e-05,3.653804163906242e-05,3.6952684563388595e-05,2.490025644961262,3.694108902841421e-05,False,549,0.004665879405709283,2.5360408140453344e-05,0.0,2.5360408140453344e-05,5.321029431654047e-06,0.0,7.073272089198993e-05,6.25e-05,nan
"Criteo Search, batch 8192",1563,0.4,5.505263157894737,1.8537770972580057e-05,1.8133193456965966e-05,1.836374672515339e-05,2.5568887447950233,1.8361789954832568e-05,False,549,0.004096218008144525,1.2854435377216988e-05,0.0,1.2854435377216988e-05,3.887075406776034e-06,0.0,4.956195467003224e-05,6.25e-05,nan
"Criteo Search, batch 8192",1563,0.4,5.921052631578947,8.993855319335735e-06,8.794417615653578e-06,8.901793733254133e-06,2.623636917104646,8.901685456754022e-06,False,549,0.004468370095660923,7.098134156229265e-06,0.0,7.098134156229265e-06,2.976520786362684e-06,0.0,3.845100340139225e-05,6.25e-05,nan
"Criteo Search, batch 8192",1563,0.4,6.336842105263158,4.256291213324162e-06,4.159216765002236e-06,4.207424883687655e-06,2.690309456173849,4.2073852093953625e-06,False,549,0.005014963377246495,4.006857079737625e-06,0.0,4.006857079737625e-06,2.4159242352668924e-06,0.0,3.16480063332813e-05,6.25e-05,nan
"Criteo Search, batch 8192",1563,0.4,6.752631578947368,1.9631386975784007e-06,1.9169914060504416e-06,1.9384088253578876e-06,2.75693217954896,1.9382321447222494e-06,False,549,0.0055056055658200265,3.032842430413524e-06,0.0,3.032842430413524e-06,2.145465488702994e-06,0.0,2.9268695415067035e-05,6.25e-05,nan
"Criteo Search, batch 8192",1563,0.4,7.168421052631579,8.822002157601878e-07,8.608212979853074e-07,8.702906657121771e-07,2.8235220973508803,8.700657204988909e-07,False,549,0.005902834128858281,2.534208127540482e-06,0.0,2.534208127540482e-06,1.7944931917292008e-06,0.0,2.798082336154999e-05,6.25e-05,nan
"Criteo Search, batch 8192",1563,0.4,7.58421052631579,3.862378642212451e-07,3.765911583393479e-07,3.8071131566119633e-07,2.8900903471585093,3.805141757679523e-07,False,549,0.006259061617844175,1.7784945484250034e-06,0.0,1.7784945484250034e-06,1.265873655094485e-06,0.0,2.590273373463582e-05,6.25e-05,nan
"Criteo Search, batch 8192",1563,0.4,8.0,1.6471321756426494e-07,1.6047528746213175e-07,1.622477129451213e-07,2.9566443446440047,1.6210507525889672e-07,False,549,0.006549867259144193,6.33160161342263e-07,0.0,6.33160161342263e-07,4.984903032325317e-07,0.0,2.2247188298072473e-05,6.25e-05,nan
