batch_size,B,pld_epsilon,rdp_epsilon,source_run_id,source_commit_sha,source_line,n,d,communication_C,epochs,delta,global_sigma,q,rounds,t,k,reference_rdp_epsilon,reference_rdp_abs_error,rdp_optimal_order,rdp_remove_alpha2,rdp_alpha2_closed_form,rdp_alpha2_abs_error,relative_improvement,max_grid_mult,reference_rdp_matches_rounded_log
512,4,0.799236,1.04692,776a4d76-c031-4399-b8d8-0bb532876a7e,f72e5377e6dcfea862c3d9ea50f78a85886cfdee,"PREAMBLE batch=512 B=4: PLD eps=0.799236, RDP eps=1.04692",600000,1048576,32768,10,1e-06,1.0,0.0008533333333333333,11720,262144,8192,1.0469201328810338,1.3288103373199078e-07,12,1.0424506622803165,1.0424506622795375,7.789324740770098e-13,0.23658350208229867,1000000,True
512,8,0.679053,1.04734,776a4d76-c031-4399-b8d8-0bb532876a7e,f72e5377e6dcfea862c3d9ea50f78a85886cfdee,"PREAMBLE batch=512 B=8: PLD eps=0.679053, RDP eps=1.04734",600000,1048576,32768,10,1e-06,1.0,0.0008533333333333333,11720,131072,4096,1.0473446266738862,4.626673886232169e-06,12,1.044506540569273,1.0445065405691443,1.2878587085651816e-13,0.35164034601943966,1000000,True
512,16,0.603623,1.04823,776a4d76-c031-4399-b8d8-0bb532876a7e,f72e5377e6dcfea862c3d9ea50f78a85886cfdee,"PREAMBLE batch=512 B=16: PLD eps=0.603623, RDP eps=1.04823",600000,1048576,32768,10,1e-06,1.0,0.0008533333333333333,11720,65536,2048,1.0482277249079233,2.2750920767311555e-06,12,1.0486340007737454,1.0486340007738462,1.0080825063596421e-13,0.42415023420432535,1000000,True
512,32,0.572023,1.05018,776a4d76-c031-4399-b8d8-0bb532876a7e,f72e5377e6dcfea862c3d9ea50f78a85886cfdee,"PREAMBLE batch=512 B=32: PLD eps=0.572023, RDP eps=1.05018",600000,1048576,32768,10,1e-06,1.0,0.0008533333333333333,11720,32768,1024,1.0501773032118076,2.6967881923134485e-06,12,1.0569521266961601,1.0569521266966189,4.587441537751147e-13,0.45530956597916544,1000000,True
512,64,0.553294,1.0555,776a4d76-c031-4399-b8d8-0bb532876a7e,f72e5377e6dcfea862c3d9ea50f78a85886cfdee,"PREAMBLE batch=512 B=64: PLD eps=0.553294, RDP eps=1.0555",600000,1048576,32768,10,1e-06,1.0,0.0008533333333333333,11720,16384,512,1.0555022508779297,2.2508779295993264e-06,12,1.0738443564500812,1.073844356449883,1.9828583219805296e-13,0.47579914732354345,1000000,True
512,128,0.56441,1.09446,776a4d76-c031-4399-b8d8-0bb532876a7e,f72e5377e6dcfea862c3d9ea50f78a85886cfdee,"PREAMBLE batch=512 B=128: PLD eps=0.56441, RDP eps=1.09446",600000,1048576,32768,10,1e-06,1.0,0.0008533333333333333,11720,8192,256,1.0944559277543817,4.0722456182695765e-06,12,1.1086784214842282,1.1086784214841539,7.438494264988549e-14,0.48430276117902893,1000000,True
512,256,0.603402,1.18609,776a4d76-c031-4399-b8d8-0bb532876a7e,f72e5377e6dcfea862c3d9ea50f78a85886cfdee,"PREAMBLE batch=512 B=256: PLD eps=0.603402, RDP eps=1.18609",600000,1048576,32768,10,1e-06,1.0,0.0008533333333333333,11720,4096,128,1.1860929528685624,2.952868562333677e-06,11,1.1827577591393492,1.182757759139365,1.5765166949677223e-14,0.49126794762623416,1000000,True
512,512,0.706706,1.46981,776a4d76-c031-4399-b8d8-0bb532876a7e,f72e5377e6dcfea862c3d9ea50f78a85886cfdee,"PREAMBLE batch=512 B=512: PLD eps=0.706706, RDP eps=1.46981",600000,1048576,32768,10,1e-06,1.0,0.0008533333333333333,11720,2048,64,1.4698135038198992,3.503819899108862e-06,9,1.350381127447804,1.3503811274478188,1.4876988529977098e-14,0.5191854729522865,1000000,True
512,1024,1.28122,2.95114,776a4d76-c031-4399-b8d8-0bb532876a7e,f72e5377e6dcfea862c3d9ea50f78a85886cfdee,"PREAMBLE batch=512 B=1024: PLD eps=1.28122, RDP eps=2.95114",600000,1048576,32768,10,1e-06,1.0,0.0008533333333333333,11720,1024,32,2.9511427001655783,2.7001655782399325e-06,5,1.7799166107099325,1.7799166107099242,8.215650382226158e-15,0.5658559065310355,1000000,True
512,2048,5.40296,8.32301,776a4d76-c031-4399-b8d8-0bb532876a7e,f72e5377e6dcfea862c3d9ea50f78a85886cfdee,"PREAMBLE batch=512 B=2048: PLD eps=5.40296, RDP eps=8.32301",600000,1048576,32768,10,1e-06,1.0,0.0008533333333333333,11720,512,16,8.323013440004738,3.4400047379534726e-06,3,3.169672830953587,3.1696728309535933,6.217248937900877e-15,0.3508406213617429,1000000,True
1028,4,1.07476,1.25883,e2017506-0da3-46d6-b09a-bc024e8b4e3d,955357b7683ad0dbc0b118c28a2896f8ea585e1a,"PREAMBLE batch=1028 B=4: PLD eps=1.07476, RDP eps=1.25883",600000,1048576,32768,10,1e-06,1.0,0.0017133333333333334,5840,262144,8192,1.2588277184165841,2.281583415753019e-06,11,1.0424506622803165,1.0424506622795375,7.789324740770098e-13,0.14622308016173746,1000000,True
1028,8,0.935587,1.26036,e2017506-0da3-46d6-b09a-bc024e8b4e3d,955357b7683ad0dbc0b118c28a2896f8ea585e1a,"PREAMBLE batch=1028 B=8: PLD eps=0.935587, RDP eps=1.26036",600000,1048576,32768,10,1e-06,1.0,0.0017133333333333334,5840,131072,4096,1.2603639943583131,3.9943583132195926e-06,11,1.044506540569273,1.0445065405691443,1.2878587085651816e-13,0.25768272557047195,1000000,True
1028,16,0.807649,1.26373,e2017506-0da3-46d6-b09a-bc024e8b4e3d,955357b7683ad0dbc0b118c28a2896f8ea585e1a,"PREAMBLE batch=1028 B=16: PLD eps=0.807649, RDP eps=1.26373",600000,1048576,32768,10,1e-06,1.0,0.0017133333333333334,5840,65536,2048,1.2637325039557776,2.5039557776107557e-06,11,1.0486340007737454,1.0486340007738462,1.0080825063596421e-13,0.3609006670728716,1000000,True
1028,32,0.80209,1.27203,e2017506-0da3-46d6-b09a-bc024e8b4e3d,955357b7683ad0dbc0b118c28a2896f8ea585e1a,"PREAMBLE batch=1028 B=32: PLD eps=0.80209, RDP eps=1.27203",600000,1048576,32768,10,1e-06,1.0,0.0017133333333333334,5840,32768,1024,1.2720285181945823,1.4818054177023754e-06,11,1.0569521266961601,1.0569521266966189,4.587441537751147e-13,0.3694409723041123,1000000,True
1028,64,0.813558,1.29984,e2017506-0da3-46d6-b09a-bc024e8b4e3d,955357b7683ad0dbc0b118c28a2896f8ea585e1a,"PREAMBLE batch=1028 B=64: PLD eps=0.813558, RDP eps=1.29984",600000,1048576,32768,10,1e-06,1.0,0.0017133333333333334,5840,16384,512,1.299842748975482,2.7489754819143286e-06,11,1.0738443564500812,1.073844356449883,1.9828583219805296e-13,0.37410912112259975,1000000,True
1028,128,0.840143,1.38381,e2017506-0da3-46d6-b09a-bc024e8b4e3d,955357b7683ad0dbc0b118c28a2896f8ea585e1a,"PREAMBLE batch=1028 B=128: PLD eps=0.840143, RDP eps=1.38381",600000,1048576,32768,10,1e-06,1.0,0.0017133333333333334,5840,8192,256,1.38380820647284,1.793527159899e-06,10,1.1086784214842282,1.1086784214841539,7.438494264988549e-14,0.3928769122928726,1000000,True
1028,256,0.902001,1.50635,e2017506-0da3-46d6-b09a-bc024e8b4e3d,955357b7683ad0dbc0b118c28a2896f8ea585e1a,"PREAMBLE batch=1028 B=256: PLD eps=0.902001, RDP eps=1.50635",600000,1048576,32768,10,1e-06,1.0,0.0017133333333333334,5840,4096,128,1.5063543508642065,4.350864206470462e-06,10,1.1827577591393492,1.182757759139365,1.5765166949677223e-14,0.40120091612175124,1000000,True
1028,512,1.0716,1.80758,e2017506-0da3-46d6-b09a-bc024e8b4e3d,955357b7683ad0dbc0b118c28a2896f8ea585e1a,"PREAMBLE batch=1028 B=512: PLD eps=1.0716, RDP eps=1.80758",600000,1048576,32768,10,1e-06,1.0,0.0017133333333333334,5840,2048,64,1.8075774939779787,2.506022021231402e-06,8,1.350381127447804,1.3503811274478188,1.4876988529977098e-14,0.4071631684351453,1000000,True
1028,1024,1.90205,3.14915,e2017506-0da3-46d6-b09a-bc024e8b4e3d,955357b7683ad0dbc0b118c28a2896f8ea585e1a,"PREAMBLE batch=1028 B=1024: PLD eps=1.90205, RDP eps=3.14915",600000,1048576,32768,10,1e-06,1.0,0.0017133333333333334,5840,1024,32,3.1491487085673575,1.2914326426027856e-06,5,1.7799166107099325,1.7799166107099242,8.215650382226158e-15,0.3960116221837639,1000000,True
1028,2048,6.46249,12.8201,e2017506-0da3-46d6-b09a-bc024e8b4e3d,955357b7683ad0dbc0b118c28a2896f8ea585e1a,"PREAMBLE batch=1028 B=2048: PLD eps=6.46249, RDP eps=12.8201",600000,1048576,32768,10,1e-06,1.0,0.0017133333333333334,5840,512,16,12.820067090858647,3.290914135334333e-05,2,3.169672830953587,3.1696728309535933,6.217248937900877e-15,0.49590954828745487,1000000,True
4096,4,1.82399,2.36999,342daf11-a0f8-4fd0-81ed-3747c07fcf3e,6f5a5af00841af3292ab8c5d2b16c09522760a27,"PREAMBLE batch=4096 B=4: PLD eps=1.82399, RDP eps=2.36999",600000,1048576,32768,10,1e-06,1.0,0.006826666666666667,1470,262144,8192,2.36998630761214,3.69238785991044e-06,8,1.0424506622803165,1.0424506622795375,7.789324740770098e-13,0.23038071890598696,1000000,True
4096,8,1.81617,2.37566,342daf11-a0f8-4fd0-81ed-3747c07fcf3e,6f5a5af00841af3292ab8c5d2b16c09522760a27,"PREAMBLE batch=4096 B=8: PLD eps=1.81617, RDP eps=2.37566",600000,1048576,32768,10,1e-06,1.0,0.006826666666666667,1470,131072,4096,2.3756610788970187,1.0788970188357894e-06,8,1.044506540569273,1.0445065405691443,1.2878587085651816e-13,0.2355092900499229,1000000,True
4096,16,1.80246,2.3874,342daf11-a0f8-4fd0-81ed-3747c07fcf3e,6f5a5af00841af3292ab8c5d2b16c09522760a27,"PREAMBLE batch=4096 B=16: PLD eps=1.80246, RDP eps=2.3874",600000,1048576,32768,10,1e-06,1.0,0.006826666666666667,1470,65536,2048,2.387395185407603,4.814592396762407e-06,8,1.0486340007737454,1.0486340007738462,1.0080825063596421e-13,0.24501130937421464,1000000,True
4096,32,1.81285,2.41258,342daf11-a0f8-4fd0-81ed-3747c07fcf3e,6f5a5af00841af3292ab8c5d2b16c09522760a27,"PREAMBLE batch=4096 B=32: PLD eps=1.81285, RDP eps=2.41258",600000,1048576,32768,10,1e-06,1.0,0.006826666666666667,1470,32768,1024,2.4125762394303027,3.760569697419669e-06,8,1.0569521266961601,1.0569521266966189,4.587441537751147e-13,0.24858450289731326,1000000,True
4096,64,1.84162,2.47155,342daf11-a0f8-4fd0-81ed-3747c07fcf3e,6f5a5af00841af3292ab8c5d2b16c09522760a27,"PREAMBLE batch=4096 B=64: PLD eps=1.84162, RDP eps=2.47155",600000,1048576,32768,10,1e-06,1.0,0.006826666666666667,1470,16384,512,2.471554219676281,4.219676280836637e-06,8,1.0738443564500812,1.073844356449883,1.9828583219805296e-13,0.2548724484635148,1000000,True
4096,128,1.90785,2.58522,342daf11-a0f8-4fd0-81ed-3747c07fcf3e,6f5a5af00841af3292ab8c5d2b16c09522760a27,"PREAMBLE batch=4096 B=128: PLD eps=1.90785, RDP eps=2.58522",600000,1048576,32768,10,1e-06,1.0,0.006826666666666667,1470,8192,256,2.585221188052474,1.1880524737328813e-06,7,1.1086784214842282,1.1086784214841539,7.438494264988549e-14,0.26201638545268874,1000000,True
4096,256,2.0611,2.7832,342daf11-a0f8-4fd0-81ed-3747c07fcf3e,6f5a5af00841af3292ab8c5d2b16c09522760a27,"PREAMBLE batch=4096 B=256: PLD eps=2.0611, RDP eps=2.7832",600000,1048576,32768,10,1e-06,1.0,0.006826666666666667,1470,4096,128,2.7832015278840925,1.5278840925780912e-06,7,1.1827577591393492,1.182757759139365,1.5765166949677223e-14,0.2594495544696751,1000000,True
4096,512,2.46074,3.36588,342daf11-a0f8-4fd0-81ed-3747c07fcf3e,6f5a5af00841af3292ab8c5d2b16c09522760a27,"PREAMBLE batch=4096 B=512: PLD eps=2.46074, RDP eps=3.36588",600000,1048576,32768,10,1e-06,1.0,0.006826666666666667,1470,2048,64,3.365882176803343,2.176803342912592e-06,6,1.350381127447804,1.3503811274478188,1.4876988529977098e-14,0.268916301234744,1000000,True
4096,1024,3.84413,5.26552,342daf11-a0f8-4fd0-81ed-3747c07fcf3e,6f5a5af00841af3292ab8c5d2b16c09522760a27,"PREAMBLE batch=4096 B=1024: PLD eps=3.84413, RDP eps=5.26552",600000,1048576,32768,10,1e-06,1.0,0.006826666666666667,1470,1024,32,5.265524575066023,4.575066022916019e-06,4,1.7799166107099325,1.7799166107099242,8.215650382226158e-15,0.2699429496042177,1000000,True
4096,2048,9.9243,13.9903,342daf11-a0f8-4fd0-81ed-3747c07fcf3e,6f5a5af00841af3292ab8c5d2b16c09522760a27,"PREAMBLE batch=4096 B=2048: PLD eps=9.9243, RDP eps=13.9903",600000,1048576,32768,10,1e-06,1.0,0.006826666666666667,1470,512,16,13.99032499287293,2.499287293034058e-05,2,3.169672830953587,3.1696728309535933,6.217248937900877e-15,0.290629936455973,1000000,True
600000,4,20.2963,21.5897,80367c37-1c07-4d4b-afe2-4a99eb7a9c30,5cf09b8e65bfb0e5d7c66aad5338af7847ddf48d,"PREAMBLE batch=600000 B=4: PLD eps=20.2963, RDP eps=21.5897",600000,1048576,32768,10,1e-06,1.0,1.0,10,262144,8192,21.589746576669707,4.6576669706865914e-05,3,1.0424506622803165,1.0424506622795375,7.789324740770098e-13,0.059908196964293246,1000000,True
600000,8,20.2442,21.6206,80367c37-1c07-4d4b-afe2-4a99eb7a9c30,5cf09b8e65bfb0e5d7c66aad5338af7847ddf48d,"PREAMBLE batch=600000 B=8: PLD eps=20.2442, RDP eps=21.6206",600000,1048576,32768,10,1e-06,1.0,1.0,10,131072,4096,21.6205926590423,7.340957701273965e-06,3,1.044506540569273,1.0445065405691443,1.2878587085651816e-13,0.06366150800625331,1000000,True
600000,16,20.1518,21.6825,80367c37-1c07-4d4b-afe2-4a99eb7a9c30,5cf09b8e65bfb0e5d7c66aad5338af7847ddf48d,"PREAMBLE batch=600000 B=16: PLD eps=20.1518, RDP eps=21.6825",600000,1048576,32768,10,1e-06,1.0,1.0,10,65536,2048,21.68253661857801,3.661857800807411e-05,3,1.0486340007737454,1.0486340007738462,1.0080825063596421e-13,0.0705961028479188,1000000,True
600000,32,20.2159,21.8074,80367c37-1c07-4d4b-afe2-4a99eb7a9c30,5cf09b8e65bfb0e5d7c66aad5338af7847ddf48d,"PREAMBLE batch=600000 B=32: PLD eps=20.2159, RDP eps=21.8074",600000,1048576,32768,10,1e-06,1.0,1.0,10,32768,1024,21.807440198095204,4.019809520272588e-05,3,1.0569521266961601,1.0569521266966189,4.587441537751147e-13,0.07297981419151296,1000000,True
600000,64,20.3957,22.0614,80367c37-1c07-4d4b-afe2-4a99eb7a9c30,5cf09b8e65bfb0e5d7c66aad5338af7847ddf48d,"PREAMBLE batch=600000 B=64: PLD eps=20.3957, RDP eps=22.0614",600000,1048576,32768,10,1e-06,1.0,1.0,10,16384,512,22.06137925026763,2.074973236787514e-05,3,1.0738443564500812,1.073844356449883,1.9828583219805296e-13,0.07550291459290877,1000000,True
600000,128,20.7998,22.5864,80367c37-1c07-4d4b-afe2-4a99eb7a9c30,5cf09b8e65bfb0e5d7c66aad5338af7847ddf48d,"PREAMBLE batch=600000 B=128: PLD eps=20.7998, RDP eps=22.5864",600000,1048576,32768,10,1e-06,1.0,1.0,10,8192,256,22.586362543832305,3.7456167696348075e-05,3,1.1086784214842282,1.1086784214841539,7.438494264988549e-14,0.07910069776502673,1000000,True
600000,256,21.6742,23.7098,80367c37-1c07-4d4b-afe2-4a99eb7a9c30,5cf09b8e65bfb0e5d7c66aad5338af7847ddf48d,"PREAMBLE batch=600000 B=256: PLD eps=21.6742, RDP eps=23.7098",600000,1048576,32768,10,1e-06,1.0,1.0,10,4096,128,23.70978798789491,1.2012105091940839e-05,3,1.1827577591393492,1.182757759139365,1.5765166949677223e-14,0.08585479422011161,1000000,True
600000,512,23.6222,25.933,80367c37-1c07-4d4b-afe2-4a99eb7a9c30,5cf09b8e65bfb0e5d7c66aad5338af7847ddf48d,"PREAMBLE batch=600000 B=512: PLD eps=23.6222, RDP eps=25.933",600000,1048576,32768,10,1e-06,1.0,1.0,10,2048,64,25.933027471322422,2.7471322422201183e-05,2,1.350381127447804,1.3503811274478188,1.4876988529977098e-14,0.08910654378590986,1000000,True
600000,1024,28.3403,30.2284,80367c37-1c07-4d4b-afe2-4a99eb7a9c30,5cf09b8e65bfb0e5d7c66aad5338af7847ddf48d,"PREAMBLE batch=600000 B=1024: PLD eps=28.3403, RDP eps=30.2284",600000,1048576,32768,10,1e-06,1.0,1.0,10,1024,32,30.228382303943707,1.769605629320381e-05,2,1.7799166107099325,1.7799166107099242,8.215650382226158e-15,0.062461129269164146,1000000,True
600000,2048,40.9191,44.1259,80367c37-1c07-4d4b-afe2-4a99eb7a9c30,5cf09b8e65bfb0e5d7c66aad5338af7847ddf48d,"PREAMBLE batch=600000 B=2048: PLD eps=40.9191, RDP eps=44.1259",600000,1048576,32768,10,1e-06,1.0,1.0,10,512,16,44.12594450638025,4.450638024877662e-05,2,3.169672830953587,3.1696728309535933,6.217248937900877e-15,0.07267387180771386,1000000,True
